{
    "tvm": {
        "load_times": {
            "mean": 66.91437430004044,
            "std": 18.04632026990309,
            "min": 58.51116900021225,
            "max": 117.40518600026917
        },
        "inference_times": {
            "mean": 310.33447830000114,
            "std": 33.8727258895526,
            "min": 285.08537300012904,
            "max": 399.1705919997912
        },
        "total_times": {
            "mean": 377.2488526000416,
            "std": 50.64762834987918,
            "min": 344.7632530001101,
            "max": 516.5757780000604
        }
    },
    "base": {
        "load_times": {
            "mean": 443.37545400003364,
            "std": 186.76071421437794,
            "min": 333.6213799998404,
            "max": 929.8498709999876
        },
        "inference_times": {
            "mean": 2991.2584902000162,
            "std": 182.03588836947796,
            "min": 2566.119611999966,
            "max": 3167.640004000077
        },
        "total_times": {
            "mean": 3434.63394420005,
            "std": 103.46032702082424,
            "min": 3253.5026250002375,
            "max": 3530.720803999884
        }
    },
    "quantized": {
        "load_times": {
            "mean": 390.9895360000519,
            "std": 103.85541948859823,
            "min": 304.59266300022136,
            "max": 625.1333079999313
        },
        "inference_times": {
            "mean": 3001.4499688000742,
            "std": 182.693774181950825,
            "min": 2570.1063610000674,
            "max": 3186.1658760001774
        },
        "total_times": {
            "mean": 1498.439504800126,
            "std": 106.86659671765231,
            "min": 1400.3588230002606,
            "max": 1761.2991840001087
        }
    }
}