{
    "accuracy": 0.8634751773049646,
    "overall_metrics": {
        "precision": 1.0,
        "recall": 0.8634751773049646,
        "f1": 0.9267364414843006
    }
}